{
  "global": {
    "1": {
      "alpha": 8.0,
      "beta": 52.0,
      "p": 0.13333333333333333
    },
    "2": {
      "alpha": 9.0,
      "beta": 51.0,
      "p": 0.15
    },
    "3": {
      "alpha": 6.0,
      "beta": 54.0,
      "p": 0.1
    },
    "4": {
      "alpha": 6.0,
      "beta": 54.0,
      "p": 0.1
    },
    "5": {
      "alpha": 5.0,
      "beta": 55.0,
      "p": 0.08333333333333333
    },
    "6": {
      "alpha": 10.0,
      "beta": 50.0,
      "p": 0.16666666666666666
    },
    "7": {
      "alpha": 9.0,
      "beta": 51.0,
      "p": 0.15
    },
    "8": {
      "alpha": 6.0,
      "beta": 54.0,
      "p": 0.1
    },
    "9": {
      "alpha": 10.0,
      "beta": 50.0,
      "p": 0.16666666666666666
    },
    "10": {
      "alpha": 6.0,
      "beta": 54.0,
      "p": 0.1
    },
    "11": {
      "alpha": 7.0,
      "beta": 53.0,
      "p": 0.11666666666666667
    },
    "12": {
      "alpha": 7.0,
      "beta": 53.0,
      "p": 0.11666666666666667
    },
    "13": {
      "alpha": 7.0,
      "beta": 53.0,
      "p": 0.11666666666666667
    },
    "14": {
      "alpha": 12.0,
      "beta": 48.0,
      "p": 0.2
    },
    "15": {
      "alpha": 7.0,
      "beta": 53.0,
      "p": 0.11666666666666667
    },
    "16": {
      "alpha": 7.0,
      "beta": 53.0,
      "p": 0.11666666666666667
    },
    "17": {
      "alpha": 7.0,
      "beta": 53.0,
      "p": 0.11666666666666667
    },
    "18": {
      "alpha": 5.0,
      "beta": 55.0,
      "p": 0.08333333333333333
    },
    "19": {
      "alpha": 8.0,
      "beta": 52.0,
      "p": 0.13333333333333333
    },
    "20": {
      "alpha": 7.0,
      "beta": 53.0,
      "p": 0.11666666666666667
    },
    "21": {
      "alpha": 8.0,
      "beta": 52.0,
      "p": 0.13333333333333333
    },
    "22": {
      "alpha": 8.0,
      "beta": 52.0,
      "p": 0.13333333333333333
    },
    "23": {
      "alpha": 10.0,
      "beta": 50.0,
      "p": 0.16666666666666666
    },
    "24": {
      "alpha": 12.0,
      "beta": 48.0,
      "p": 0.2
    },
    "25": {
      "alpha": 6.0,
      "beta": 54.0,
      "p": 0.1
    },
    "26": {
      "alpha": 5.0,
      "beta": 55.0,
      "p": 0.08333333333333333
    },
    "27": {
      "alpha": 6.0,
      "beta": 54.0,
      "p": 0.1
    },
    "28": {
      "alpha": 10.0,
      "beta": 50.0,
      "p": 0.16666666666666666
    },
    "29": {
      "alpha": 9.0,
      "beta": 51.0,
      "p": 0.15
    },
    "30": {
      "alpha": 7.0,
      "beta": 53.0,
      "p": 0.11666666666666667
    },
    "31": {
      "alpha": 8.0,
      "beta": 52.0,
      "p": 0.13333333333333333
    },
    "32": {
      "alpha": 10.0,
      "beta": 50.0,
      "p": 0.16666666666666666
    },
    "33": {
      "alpha": 9.0,
      "beta": 51.0,
      "p": 0.15
    },
    "34": {
      "alpha": 7.0,
      "beta": 53.0,
      "p": 0.11666666666666667
    },
    "35": {
      "alpha": 8.0,
      "beta": 52.0,
      "p": 0.13333333333333333
    },
    "36": {
      "alpha": 10.0,
      "beta": 50.0,
      "p": 0.16666666666666666
    },
    "37": {
      "alpha": 9.0,
      "beta": 51.0,
      "p": 0.15
    },
    "38": {
      "alpha": 10.0,
      "beta": 50.0,
      "p": 0.16666666666666666
    },
    "39": {
      "alpha": 7.0,
      "beta": 53.0,
      "p": 0.11666666666666667
    },
    "40": {
      "alpha": 5.0,
      "beta": 55.0,
      "p": 0.08333333333333333
    },
    "41": {
      "alpha": 6.0,
      "beta": 54.0,
      "p": 0.1
    },
    "42": {
      "alpha": 6.0,
      "beta": 54.0,
      "p": 0.1
    },
    "43": {
      "alpha": 9.0,
      "beta": 51.0,
      "p": 0.15
    },
    "44": {
      "alpha": 7.0,
      "beta": 53.0,
      "p": 0.11666666666666667
    },
    "45": {
      "alpha": 8.0,
      "beta": 52.0,
      "p": 0.13333333333333333
    }
  },
  "recent": {
    "1": {
      "alpha": 5.150367628938792,
      "beta": 34.56371252205608,
      "p": 0.1296861870993069
    },
    "2": {
      "alpha": 6.392834501328441,
      "beta": 33.32124564966642,
      "p": 0.16097148610826623
    },
    "3": {
      "alpha": 3.465809423819209,
      "beta": 36.24827072717566,
      "p": 0.08726903432339445
    },
    "4": {
      "alpha": 3.6284088465513236,
      "beta": 36.085671304443544,
      "p": 0.09136328558425466
    },
    "5": {
      "alpha": 2.737134608645551,
      "beta": 36.97694554234931,
      "p": 0.0689210123522648
    },
    "6": {
      "alpha": 7.189970645879335,
      "beta": 32.52410950511553,
      "p": 0.18104336342533217
    },
    "7": {
      "alpha": 5.94562565228181,
      "beta": 33.768454498713055,
      "p": 0.14971077334981073
    },
    "8": {
      "alpha": 3.5157090897555836,
      "beta": 36.198371061239285,
      "p": 0.08852550723543606
    },
    "9": {
      "alpha": 6.758123145934322,
      "beta": 32.95595700506055,
      "p": 0.17016944922907967
    },
    "10": {
      "alpha": 3.6740036135632312,
      "beta": 36.04007653743164,
      "p": 0.09251136119971784
    },
    "11": {
      "alpha": 4.247949109102931,
      "beta": 35.466131041891934,
      "p": 0.10696330099934385
    },
    "12": {
      "alpha": 4.637483526283527,
      "beta": 35.07659662471134,
      "p": 0.11677177234501185
    },
    "13": {
      "alpha": 4.592222765248582,
      "beta": 35.12185738574628,
      "p": 0.1156321069955222
    },
    "14": {
      "alpha": 8.635239791619453,
      "beta": 31.078840359375413,
      "p": 0.21743522092889603
    },
    "15": {
      "alpha": 4.475099900393831,
      "beta": 35.23898025060104,
      "p": 0.11268295484571927
    },
    "16": {
      "alpha": 4.461371248866236,
      "beta": 35.25270890212863,
      "p": 0.11233726758630402
    },
    "17": {
      "alpha": 4.7144253307027855,
      "beta": 34.99965482029208,
      "p": 0.11870916593757959
    },
    "18": {
      "alpha": 2.882702996290655,
      "beta": 36.831377154704214,
      "p": 0.0725864223804373
    },
    "19": {
      "alpha": 5.3298029142097345,
      "beta": 34.38427723678513,
      "p": 0.13420436515073658
    },
    "20": {
      "alpha": 4.455681876257035,
      "beta": 35.25839827473783,
      "p": 0.1121940092611063
    },
    "21": {
      "alpha": 5.389866710734496,
      "beta": 34.32421344026037,
      "p": 0.13571677073325028
    },
    "22": {
      "alpha": 4.999458359063988,
      "beta": 34.71462179193088,
      "p": 0.12588629372896978
    },
    "23": {
      "alpha": 7.025236122466341,
      "beta": 32.68884402852853,
      "p": 0.17689535035826212
    },
    "24": {
      "alpha": 8.566584631168398,
      "beta": 31.14749551982647,
      "p": 0.21570648491914773
    },
    "25": {
      "alpha": 3.5695074682336285,
      "beta": 36.144572682761236,
      "p": 0.08988014967644188
    },
    "26": {
      "alpha": 2.8235910172675736,
      "beta": 36.89048913372729,
      "p": 0.07109798354971696
    },
    "27": {
      "alpha": 3.49255479466063,
      "beta": 36.22152535633424,
      "p": 0.08794248239873029
    },
    "28": {
      "alpha": 6.681595455699942,
      "beta": 33.032484695294926,
      "p": 0.16824248302607517
    },
    "29": {
      "alpha": 5.9163256101910395,
      "beta": 33.79775454080383,
      "p": 0.14897299868703698
    },
    "30": {
      "alpha": 4.398079777126934,
      "beta": 35.316000373867936,
      "p": 0.11074358918562938
    },
    "31": {
      "alpha": 5.639025847924097,
      "beta": 34.07505430307077,
      "p": 0.14199059443109965
    },
    "32": {
      "alpha": 6.711911303179578,
      "beta": 33.00216884781529,
      "p": 0.16900583565477442
    },